<?xml version="1.0" encoding="UTF-8"?>
<root>
  <item name="cn.qqtheme.framework.util.DateUtils long calculateDifference(java.util.Date, java.util.Date, int) 2">
    <annotation name="android.support.annotation.IntDef">
      <val name="value" val="{cn.qqtheme.framework.util.DateUtils.Second, cn.qqtheme.framework.util.DateUtils.Minute, cn.qqtheme.framework.util.DateUtils.Hour, cn.qqtheme.framework.util.DateUtils.Day}" />
    </annotation>
  </item>
  <item name="cn.qqtheme.framework.util.DateUtils long calculateDifference(long, long, int) 2">
    <annotation name="android.support.annotation.IntDef">
      <val name="value" val="{cn.qqtheme.framework.util.DateUtils.Second, cn.qqtheme.framework.util.DateUtils.Minute, cn.qqtheme.framework.util.DateUtils.Hour, cn.qqtheme.framework.util.DateUtils.Day}" />
    </annotation>
  </item>
  <item name="cn.qqtheme.framework.util.DateUtils.DifferenceMode">
    <annotation name="android.support.annotation.IntDef">
      <val name="value" val="{cn.qqtheme.framework.util.DateUtils.Second, cn.qqtheme.framework.util.DateUtils.Minute, cn.qqtheme.framework.util.DateUtils.Hour, cn.qqtheme.framework.util.DateUtils.Day}" />
    </annotation>
  </item>
</root>

